{
	"class_name" : "PinholeCameraParameters",
	"extrinsic" : 
	[
		0.73556295186059817,
		-0.34954047822256085,
		0.58031766984477295,
		0.0,
		-0.67743568562004508,
		-0.37281443450116503,
		0.63410589752507118,
		0.0,
		-0.0052948747504467366,
		-0.85955270432447606,
		-0.51101967945457538,
		0.0,
		-2.2975805721226727,
		31.328383639377712,
		50.193846280901077,
		1.0
	],
	"intrinsic" : 
	{
		"height" : 1080,
		"intrinsic_matrix" : 
		[
			935.30743608719376,
			0.0,
			0.0,
			0.0,
			935.30743608719376,
			0.0,
			959.5,
			539.5,
			1.0
		],
		"width" : 1920
	},
	"version_major" : 1,
	"version_minor" : 0
}